Title,Price,Rating,Stock
A Light in the ,51.77,Three,In stock
Tipping the Velvet,53.74,One,In stock
Soumission,50.1,One,In stock
Sharp Objects,47.82,Four,In stock
Sapiens: A Brief History ,54.23,Five,In stock
The Requiem Red,22.65,One,In stock
The Dirty Little Secrets ,33.34,Four,In stock
The Coming Woman: A ,17.93,Three,In stock
The Boys in the ,22.6,Four,In stock
The Black Maria,52.15,One,In stock
Starving Hearts (Triangular Trade ,13.99,Two,In stock
Shakespeare's Sonnets,20.66,Four,In stock
Set Me Free,17.46,Five,In stock
Scott Pilgrim's Precious Little ,52.29,Five,In stock
Rip it Up and ,35.02,Five,In stock
Our Band Could Be ,57.25,Three,In stock
Olio,23.88,One,In stock
Mesaerion: The Best Science ,37.59,One,In stock
Libertarianism for Beginners,51.33,Two,In stock
It's Only the Himalayas,45.17,Two,In stock
In Her Wake,12.84,One,In stock
How Music Works,37.32,Two,In stock
Foolproof Preserving: A Guide ,30.52,Three,In stock
Chase Me (Paris Nights ,25.27,Five,In stock
Black Dust,34.53,Five,In stock
Birdsong: A Story in ,54.64,Three,In stock
America's Cradle of Quarterbacks: ,22.5,Three,In stock
Aladdin and His Wonderful ,53.13,Three,In stock
Worlds Elsewhere: Journeys Around ,40.3,Five,In stock
Wall and Piece,44.18,Four,In stock
The Four Agreements: A ,17.66,Five,In stock
The Five Love Languages: ,31.05,Three,In stock
The Elephant Tree,23.82,Five,In stock
The Bear and the ,36.89,One,In stock
Sophie's World,15.94,Five,In stock
Penny Maybe,33.29,Three,In stock
Maude (1883-1993):She Grew Up ,18.02,Two,In stock
"In a Dark, Dark ",19.63,One,In stock
Behind Closed Doors,52.22,Four,In stock
You can't bury them ,33.63,Two,In stock
Slow States of Collapse: ,57.31,Three,In stock
Reasons to Stay Alive,26.41,Two,In stock
Private Paris (Private #10),47.61,Five,In stock
#HigherSelfie: Wake Up Your ,23.11,Five,In stock
Without Borders (Wanderlove #1),45.07,Two,In stock
When We Collided,31.77,One,In stock
"We Love You, Charlie ",50.27,Five,In stock
Untitled Collection: Sabbath Poems ,14.27,Four,In stock
Unseen City: The Majesty ,44.18,Four,In stock
Unicorn Tracks,18.78,Three,In stock
Unbound: How Eight Technologies ,25.52,One,In stock
Tsubasa: WoRLD CHRoNiCLE 2 ,16.28,One,In stock
Throwing Rocks at the ,31.12,Three,In stock
This One Summer,19.49,Four,In stock
Thirst,17.27,Five,In stock
The Torch Is Passed: ,19.09,One,In stock
The Secret of Dreadwillow ,56.13,One,In stock
The Pioneer Woman Cooks: ,56.41,One,In stock
The Past Never Ends,56.5,Four,In stock
The Natural History of ,45.22,Three,In stock
The Nameless City (The ,38.16,Four,In stock
The Murder That Never ,54.11,Three,In stock
The Most Perfect Thing: ,42.96,Four,In stock
The Mindfulness and Acceptance ,23.89,Four,In stock
The Life-Changing Magic of ,16.77,Three,In stock
The Inefficiency Assassin: Time ,20.59,Five,In stock
The Gutsy Girl: Escapades ,37.13,One,In stock
The Electric Pencil: Drawings ,56.06,One,In stock
The Death of Humanity: ,58.11,Four,In stock
The Bulletproof Diet: Lose ,49.05,Three,In stock
The Art Forger,40.76,Three,In stock
The Age of Genius: ,19.73,One,In stock
The Activist's Tao Te ,32.24,Five,In stock
Spark Joy: An Illustrated ,41.83,Four,In stock
Soul Reader,39.58,Two,In stock
Security,39.25,Two,In stock
"Saga, Volume 6 (Saga ",25.02,Three,In stock
"Saga, Volume 5 (Saga ",51.04,Two,In stock
Reskilling America: Learning to ,19.83,Two,In stock
"Rat Queens, Vol 3: ",50.4,Three,In stock
"Princess Jellyfish 2-in-1 Omnibus, ",13.61,Five,In stock
Princess Between Worlds (Wide-Awake ,13.34,Five,In stock
"Pop Gun War, Volume ",18.97,One,In stock
"Political Suicide: Missteps, Peccadilloes, ",36.28,Two,In stock
Patience,10.16,Three,In stock
"Outcast, Vol 1: A ",15.44,Four,In stock
orange: The Complete Collection ,48.41,One,In stock
Online Marketing for Busy ,46.35,One,In stock
On a Midnight Clear,14.07,Three,In stock
Obsidian (Lux #1),14.86,Two,In stock
My Paris Kitchen: Recipes ,33.37,Two,In stock
Masks and Shadows,56.4,Two,In stock
Mama Tried: Traditional Italian ,14.02,Four,In stock
"Lumberjanes, Vol 2: Friendship ",46.91,Two,In stock
"Lumberjanes, Vol 1: Beware ",45.61,Three,In stock
Lumberjanes Vol 3: A ,19.92,Two,In stock
"Layered: Baking, Building, and ",40.11,One,In stock
Judo: Seven Steps to ,53.9,Two,In stock
Join,35.67,Five,In stock
In the Country We ,22.0,Four,In stock
Immunity: How Elie Metchnikoff ,57.36,Five,In stock
"I Hate Fairyland, Vol ",29.17,Two,In stock
I am a Hero ,54.63,Three,In stock
How to Be Miserable: ,46.03,One,In stock
Her Backup Boyfriend (The ,33.97,One,In stock
"Giant Days, Vol 2 ",22.11,Two,In stock
Forever and Forever: The ,29.69,Three,In stock
First and First (Five ,15.97,Four,In stock
Fifty Shades Darker (Fifty ,21.96,One,In stock
Everydata: The Misinformation Hidden ,54.35,Two,In stock
Don't Be a Jerk: ,37.97,Two,In stock
Danganronpa Volume 1,51.99,Four,In stock
Crown of Midnight (Throne ,43.29,Three,In stock
"Codename Baboushka, Volume 1: ",36.72,Four,In stock
Camp Midnight,17.08,Four,In stock
Call the Nurse: True ,29.14,Five,In stock
Burning,28.81,Three,In stock
Bossypants,49.46,Two,In stock
"Bitch Planet, Vol 1: ",37.92,Two,In stock
Avatar: The Last Airbender: ,28.09,Two,In stock
Algorithms to Live By: ,30.81,One,In stock
A World of Flavor: ,42.95,One,In stock
"A Piece of Sky, ",56.76,Five,In stock
A Murder in Time,16.64,One,In stock
A Flight of Arrows ,55.53,Five,In stock
A Fierce and Subtle ,28.13,Four,In stock
A Court of Thorns ,52.37,One,In stock
(Un)Qualified: How God Uses ,54.0,Five,In stock
You Are What You ,21.87,Four,In stock
William Shakespeare's Star Wars: ,43.3,Four,In stock
Tuesday Nights in 1980,21.04,Two,In stock
Tracing Numbers on a ,41.6,Three,In stock
Throne of Glass (Throne ,35.07,Three,In stock
Thomas Jefferson and the ,59.64,One,In stock
Thirteen Reasons Why,52.72,One,In stock
The White Cat and ,58.08,Four,In stock
The Wedding Dress,24.12,One,In stock
The Vacationers,42.15,Four,In stock
The Third Wave: An ,12.61,Five,In stock
The Stranger,17.44,Four,In stock
The Shadow Hero (The ,33.14,One,In stock
The Secret (The Secret ,27.37,Four,In stock
The Regional Office Is ,51.36,Five,In stock
The Psychopath Test: A ,36.0,Two,In stock
The Project,10.65,One,In stock
The Power of Now: ,43.54,Two,In stock
The Omnivore's Dilemma: A ,38.21,Two,In stock
The Nerdy Nummies Cookbook: ,37.34,Five,In stock
The Murder of Roger ,44.1,Four,In stock
The Mistake (Off-Campus #2),43.29,Three,In stock
The Matchmaker's Playbook (Wingmen ,55.85,One,In stock
The Love and Lemons ,37.6,Two,In stock
The Long Shadow of ,10.97,One,In stock
The Kite Runner,41.82,Four,In stock
The House by the ,36.95,One,In stock
The Glittering Court (The ,44.28,One,In stock
The Girl on the ,55.02,Two,In stock
The Genius of Birds,17.24,One,In stock
The Emerald Mystery,23.15,Two,In stock
The Cookies & Cups ,41.25,One,In stock
The Bridge to Consciousness: ,32.0,Three,In stock
The Artist's Way: A ,38.49,Five,In stock
The Art of War,33.34,Five,In stock
The Argonauts,10.93,Two,In stock
The 10% Entrepreneur: Live ,27.55,Three,In stock
Suddenly in Love (Lake ,55.99,Two,In stock
Something More Than This,16.24,Four,In stock
Soft Apocalypse,26.12,Two,In stock
So You've Been Publicly ,12.23,Two,In stock
Shoe Dog: A Memoir ,23.99,Two,In stock
"Shobu Samurai, Project Aryoku ",29.06,Three,In stock
Secrets and Lace (Fatal ,20.27,One,In stock
Scarlett Epstein Hates It ,43.55,Five,In stock
Romero and Juliet: A ,36.94,One,In stock
Redeeming Love,20.47,Five,In stock
Poses for Artists Volume ,41.06,One,In stock
Poems That Make Grown ,14.19,Four,In stock
"Nightingale, Sing",38.28,One,In stock
Night Sky with Exit ,41.05,One,In stock
Mrs Houdini,30.25,Five,In stock
Modern Romance,28.26,Five,In stock
Miss Peregrine’s Home for ,10.76,One,In stock
Louisa: The Extraordinary Life ,16.85,Two,In stock
Little Red,13.47,Three,In stock
Library of Souls (Miss ,48.56,Five,In stock
Large Print Heart of ,19.15,Two,In stock
I Had a Nice ,57.36,Four,In stock
Hollow City (Miss Peregrine’s ,42.98,One,In stock
Grumbles,22.16,Two,In stock
Full Moon over Noah’s ,49.43,Four,In stock
Frostbite (Vampire Academy #2),29.99,Five,In stock
Follow You Home,21.36,One,In stock
First Steps for New ,29.0,One,In stock
Finders Keepers (Bill Hodges ,53.53,Five,In stock
"Fables, Vol 1: Legends ",41.62,Four,In stock
Eureka Trivia 60,54.59,Four,In stock
Drive: The Surprising Truth ,34.95,Four,In stock
Done Rubbed Out (Reightman ,37.72,Five,In stock
Doing It Over (Most ,35.61,Three,In stock
Deliciously Ella Every Day: ,42.16,Three,In stock
Dark Notes,19.19,Five,In stock
Daring Greatly: How the ,19.43,Three,In stock
Close to You,49.46,Four,In stock
Chasing Heaven: What Dying ,37.8,Two,In stock
Big Magic: Creative Living ,30.8,Three,In stock
Becoming Wise: An Inquiry ,27.43,Two,In stock
Beauty Restored (Riley Family ,11.11,Two,In stock
Batman: The Long Halloween ,36.5,Two,In stock
Batman: The Dark Knight ,15.38,Five,In stock
Ayumi's Violin,15.48,Two,In stock
Anonymous,46.82,Four,In stock
Amy Meets the Saints ,18.46,Three,In stock
Amid the Chaos,36.58,One,In stock
Amatus,50.54,Five,In stock
Agnostic: A Spirited Manifesto,12.51,Five,In stock
Zealot: The Life and ,24.7,Three,In stock
You (You #1),43.61,Five,In stock
"Wonder Woman: Earth One, ",37.34,Four,In stock
Wild Swans,14.36,Two,In stock
Why the Right Went ,52.65,Four,In stock
Whole Lotta Creativity Going ,38.2,Four,In stock
What's It Like in ,19.6,Two,In stock
"We Are Robin, Vol ",53.9,One,In stock
Walt Disney's Alice in ,12.96,Five,In stock
V for Vendetta (V ,37.1,Four,In stock
Until Friday Night (The ,46.31,Two,In stock
Unbroken: A World War ,45.95,Two,In stock
Twenty Yawns,22.08,Two,In stock
Through the Woods,25.38,Two,In stock
This Is Where It ,27.12,Two,In stock
The Year of Magical ,43.04,Two,In stock
The Wright Brothers,56.8,Four,In stock
The White Queen (The ,25.91,Five,In stock
The Wedding Pact (The ,32.61,Three,In stock
The Time Keeper,27.88,Five,In stock
The Testament of Mary,52.67,Four,In stock
The Star-Touched Queen,46.02,Five,In stock
The Songs of the ,44.48,Five,In stock
The Song of Achilles,37.4,Five,In stock
The Rosie Project (Don ,54.04,One,In stock
The Power of Habit: ,16.88,Three,In stock
The Marriage of Opposites,28.08,Four,In stock
The Lucifer Effect: Understanding ,10.4,One,In stock
The Long Haul (Diary ,44.07,One,In stock
The Loney,23.4,One,In stock
The Literature Book (Big ,17.43,Three,In stock
The Last Mile (Amos ,54.21,Two,In stock
The Immortal Life of ,40.67,Two,In stock
The Hidden Oracle (The ,52.26,Two,In stock
The Help Yourself Cookbook ,28.77,Three,In stock
The Guilty (Will Robie ,13.82,Two,In stock
The First Hostage (JB ,25.85,Three,In stock
The Dovekeepers,48.78,One,In stock
The Darkest Lie,35.35,Five,In stock
The Bane Chronicles (The ,44.73,Four,In stock
The Bad-Ass Librarians of ,15.77,One,In stock
The 14th Colony (Cotton ,39.24,One,In stock
That Darkness (Gardiner and ,13.92,One,In stock
Tastes Like Fear (DI ,10.69,One,In stock
Take Me with You,45.21,Three,In stock
Swell: A Year of ,45.58,One,In stock
Superman Vol 1: Before ,11.89,Five,In stock
Still Life with Bread ,26.41,Three,In stock
Steve Jobs,39.5,Five,In stock
Sorting the Beef from ,44.74,Four,In stock
Someone Like You (The ,52.79,Five,In stock
"So Cute It Hurts!!, ",35.43,Four,In stock
Shtum,55.84,Four,In stock
See America: A Celebration ,48.87,Three,In stock
salt,46.78,Four,In stock
Robin War,47.82,Three,In stock
"Red Hood/Arsenal, Vol 1: ",25.48,Two,In stock
Rain Fish,23.57,Three,In stock
Quarter Life Poetry: Poems ,50.89,Five,In stock
Pet Sematary,10.56,Three,In stock
"Overload: How to Unplug, ",52.15,Three,In stock
Once Was a Time,18.28,Two,In stock
Old School (Diary of ,11.83,Five,In stock
No Dream Is Too ,21.95,Two,In stock
"Naruto (3-in-1 Edition), Vol ",38.39,Two,In stock
My Name Is Lucy ,41.56,One,In stock
My Mrs Brown,24.48,Three,In stock
My Kind of Crazy,40.36,One,In stock
Mr Mercedes (Bill Hodges ,28.9,One,In stock
More Than Music (Chasing ,37.61,Two,In stock
Made to Stick: Why ,38.85,Five,In stock
Luis Paints the World,53.95,Three,In stock
Luckiest Girl Alive,49.83,Three,In stock
Lowriders to the Center ,51.51,Two,In stock
Love Is a Mix ,18.03,One,In stock
Looking for Lovely: Collecting ,29.14,Five,In stock
Living Leadership by Insight: ,46.91,Four,In stock
Let It Out: A ,26.79,Five,In stock
Lady Midnight (The Dark ,16.28,Five,In stock
"It's All Easy: Healthy, ",19.55,One,In stock
Island of Dragons (Unwanteds ,29.65,One,In stock
I Know What I'm ,25.98,Four,In stock
I Am Pilgrim (Pilgrim ,10.6,Four,In stock
Hyperbole and a Half: ,14.75,Five,In stock
"Hush, Hush (Hush, Hush ",47.02,Three,In stock
Hold Your Breath (Search ,28.82,One,In stock
Hamilton: The Revolution,58.79,Three,In stock
Greek Mythic History,10.23,Five,In stock
God: The Most Unpleasant ,30.03,Five,In stock
Glory over Everything: Beyond ,45.84,Three,In stock
Feathers: Displays of Brilliant ,49.05,Three,In stock
Far & Away: Places ,15.06,Four,In stock
Every Last Word,46.47,Three,In stock
Eligible (The Austen Project ,27.09,Three,In stock
El Deafo,57.62,Five,In stock
Eight Hundred Grapes,14.39,Four,In stock
Eaternity: More than 150 ,51.75,Five,In stock
"Eat Fat, Get Thin",54.07,Two,In stock
Don't Get Caught,55.35,One,In stock
Doctor Sleep (The Shining ,40.12,Two,In stock
Demigods & Magicians: Percy ,37.51,Five,In stock
Dear Mr Knightley,11.21,Five,In stock
Daily Fantasy Sports,36.58,One,In stock
Crazy Love: Overwhelmed by ,47.72,Two,In stock
Cometh the Hour (The ,25.01,Three,In stock
Code Name Verity (Code ,22.13,Four,In stock
Clockwork Angel (The Infernal ,44.14,One,In stock
City of Glass (The ,56.02,Four,In stock
City of Fallen Angels ,11.23,Four,In stock
City of Bones (The ,43.28,One,In stock
City of Ashes (The ,47.27,One,In stock
Cell,20.29,Four,In stock
Catching Jordan (Hundred Oaks),50.83,Three,In stock
"Carry On, Warrior: Thoughts ",31.85,Three,In stock
Carrie,46.23,Two,In stock
Buying In: The Secret ,37.8,Four,In stock
Brain on Fire: My ,49.32,Five,In stock
Batman: Europa,32.01,Two,In stock
Barefoot Contessa Back to ,28.01,One,In stock
Barefoot Contessa at Home: ,50.62,Five,In stock
Balloon Animals,17.03,Three,In stock
Art Ops Vol 1,48.8,Three,In stock
Aristotle and Dante Discover ,58.14,Four,In stock
Angels Walking (Angels Walking ,34.2,Two,In stock
Angels & Demons (Robert ,51.48,Three,In stock
All the Light We ,29.87,Five,In stock
Adulthood Is a Myth: ,10.9,Two,In stock
Abstract City,56.37,Five,In stock
A Time of Torment ,48.35,Five,In stock
A Study in Scarlet ,16.73,Two,In stock
A Series of Catastrophes ,56.48,Two,In stock
A People's History of ,40.79,Two,In stock
A Man Called Ove,39.72,One,In stock
A Distant Mirror: The ,14.58,Three,In stock
A Brush of Wings ,55.51,One,In stock
1491: New Revelations of ,21.8,Three,In stock
"The Three Searches, Meaning, ",13.33,Three,In stock
Searching for Meaning in ,38.73,One,In stock
Rook,37.86,Four,In stock
My Kitchen Year: 136 ,11.53,Two,In stock
13 Hours: The Inside ,27.06,One,In stock
Will You Won't You ,13.86,Three,In stock
Tipping Point for Planet ,37.55,One,In stock
The Star-Touched Queen,32.3,Five,In stock
The Silent Sister (Riley ,46.29,Five,In stock
The Midnight Watch: A ,26.2,One,In stock
The Lonely City: Adventures ,33.26,Two,In stock
The Gray Rhino: How ,59.15,Four,In stock
The Golden Condom: And ,39.43,One,In stock
The Epidemic (The Program ,14.44,Five,In stock
The Dinner Party,56.54,Two,In stock
The Diary of a ,59.9,Three,In stock
The Children,11.88,Three,In stock
Stars Above (The Lunar ,48.05,Two,In stock
Snatched: How A Drug ,21.21,Three,In stock
Raspberry Pi Electronics Projects ,49.67,Four,In stock
Quench Your Own Thirst: ,43.14,One,In stock
Psycho: Sanitarium (Psycho #15),36.97,Five,In stock
Poisonous (Max Revere Novels ,26.8,Three,In stock
One with You (Crossfire ,15.71,Four,In stock
No Love Allowed (Dodge ,54.65,Four,In stock
Murder at the 42nd ,54.36,Four,In stock
Most Wanted,35.28,Three,In stock
"Love, Lies and Spies",20.55,Two,In stock
How to Speak Golf: ,58.32,Five,In stock
Hide Away (Eve Duncan ,11.84,One,In stock
Furiously Happy: A Funny ,41.46,Four,In stock
Everyday Italian: 125 Simple ,20.1,Five,In stock
Equal Is Unfair: America's ,56.86,One,In stock
Eleanor & Park,56.51,Five,In stock
Dirty (Dive Bar #1),40.83,Four,In stock
Can You Keep a ,48.64,One,In stock
Boar Island (Anna Pigeon ,59.48,Three,In stock
A Paris Apartment,39.01,Four,In stock
A la Mode: 120 ,38.77,One,In stock
Troublemaker: Surviving Hollywood and ,48.39,Two,In stock
The Widow,27.26,Two,In stock
The Sleep Revolution: Transforming ,11.68,Four,In stock
The Improbability of Love,59.45,One,In stock
The Art of Startup ,21.0,Three,In stock
Take Me Home Tonight ,53.98,Three,In stock
Sleeping Giants (Themis Files ,48.74,One,In stock
Setting the World on ,21.15,Two,In stock
Playing with Fire,13.71,Three,In stock
Off the Hook (Fishing ,47.67,Three,In stock
Mothering Sunday,13.34,Two,In stock
"Mother, Can You Not?",16.89,Five,In stock
M Train,27.18,One,In stock
Lilac Girls,17.28,Two,In stock
Lies and Other Acts ,45.14,One,In stock
Lab Girl,40.85,One,In stock
Keep Me Posted,20.46,Four,In stock
It Didn't Start with ,56.27,Three,In stock
Grey (Fifty Shades #4),48.49,Four,In stock
"Exit, Pursued by a ",51.34,Four,In stock
Daredevils,16.34,Three,In stock
Cravings: Recipes for What ,20.5,Three,In stock
Born for This: How ,21.59,Five,In stock
Arena,21.36,Four,In stock
Adultery,20.88,Five,In stock
A Mother's Reckoning: Living ,19.53,Three,In stock
A Gentleman's Position (Society ,14.75,Five,In stock
11/22/63,48.48,Three,In stock
10% Happier: How I ,24.57,Two,In stock
10-Day Green Smoothie Cleanse: ,49.71,Five,In stock
Without Shame,48.27,Five,In stock
Watchmen,58.05,Four,In stock
Unlimited Intuition Now,58.87,Four,In stock
Underlying Notes,11.82,Two,In stock
The Shack,28.03,One,In stock
The New Brand You: ,44.05,Five,In stock
The Moosewood Cookbook: Recipes ,12.34,Four,In stock
The Flowers Lied,16.68,Two,In stock
The Fabric of the ,55.91,One,In stock
The Book of Mormon,24.57,Three,In stock
The Art and Science ,52.98,Five,In stock
The Alien Club,54.4,One,In stock
Suzie Snowflake: One beautiful ,54.81,Five,In stock
Nap-a-Roo,25.08,One,In stock
NaNo What Now? Finding ,10.41,Four,In stock
Modern Day Fables,47.44,Two,In stock
If I Gave You ,20.91,One,In stock
"Fruits Basket, Vol 9 ",33.95,Four,In stock
Dress Your Family in ,43.68,Three,In stock
Don't Forget Steven,33.23,One,In stock
Chernobyl 01:23:40: The Incredible ,35.92,Two,In stock
Art and Fear: Observations ,48.63,Four,In stock
A Shard of Ice ,56.63,Three,In stock
A Hero's Curse (The ,50.49,Three,In stock
23 Degrees South: A ,35.79,Two,In stock
Zero to One: Notes ,34.06,Three,In stock
Why Not Me?,17.76,One,In stock
When Breath Becomes Air,39.36,Two,In stock
Vagabonding: An Uncommon Guide ,36.94,Two,In stock
The Unlikely Pilgrimage of ,43.62,Five,In stock
The New Drawing on ,43.02,Three,In stock
"The Midnight Assassin: Panic, ",28.45,Four,In stock
The Martian (The Martian ,41.39,Two,In stock
The High Mountains of ,51.15,One,In stock
The Grownup,35.88,One,In stock
The E-Myth Revisited: Why ,36.91,One,In stock
South of Sunshine,28.93,One,In stock
Smarter Faster Better: The ,38.89,Five,In stock
Silence in the Dark ,58.33,Three,In stock
Shadows of the Past ,39.67,Five,In stock
Roller Girl,14.1,Five,In stock
Rising Strong,21.82,Three,In stock
Proofs of God: Classical ,54.21,One,In stock
Please Kill Me: The ,31.19,Four,In stock
Out of Print: City ,53.64,Five,In stock
My Life Next Door ,36.39,Five,In stock
Miller's Valley,58.54,Two,In stock
Man's Search for Meaning,29.48,Three,In stock
Love That Boy: What ,25.06,Two,In stock
Living Forward: A Proven ,12.55,Three,In stock
Les Fleurs du Mal,29.04,Five,In stock
Left Behind (Left Behind ,40.72,Two,In stock
Kill 'Em and Leave: ,45.05,Five,In stock
Kierkegaard: A Christian Missionary ,47.13,One,In stock
John Vassos: Industrial Design ,20.22,Four,In stock
I'll Give You the ,56.48,One,In stock
I Will Find You,44.21,One,In stock
Hystopia: A Novel,21.96,Four,In stock
Howl and Other Poems,40.45,Two,In stock
History of Beauty,10.29,Four,In stock
Heaven is for Real: ,52.86,Two,In stock
Future Shock (Future Shock ,55.65,Five,In stock
Ender's Game (The Ender ,43.64,One,In stock
Diary of a Citizen ,28.41,One,In stock
Death by Leisure: A ,37.51,Four,In stock
Brilliant Beacons: A History ,11.45,Three,In stock
Brazen: The Courage to ,19.22,Two,In stock
Between the World and ,56.91,Four,In stock
Being Mortal: Medicine and ,55.06,Four,In stock
A Murder Over a ,13.2,Three,In stock
32 Yolks,53.63,Two,In stock
"""Most Blessed of the ",44.48,Five,In stock
You Are a Badass: ,12.08,Three,In stock
Wildlife of New York: ,22.14,Two,In stock
What Happened on Beale ,25.37,Five,In stock
Unreasonable Hope: Finding Faith ,46.33,Two,In stock
Under the Tuscan Sun,37.33,Three,In stock
Toddlers Are A**holes: It's ,25.55,One,In stock
The Year of Living ,34.72,One,In stock
The Whale,35.96,Four,In stock
The Story of Art,41.14,Four,In stock
The Origin of Species,10.01,Four,In stock
The Great Gatsby,36.05,Four,In stock
The Good Girl,49.03,Three,In stock
The Glass Castle,16.24,One,In stock
The Faith of Christopher ,39.55,One,In stock
The Drowning Girls,35.67,Three,In stock
The Constant Princess (The ,16.62,Three,In stock
The Bourne Identity (Jason ,42.78,Four,In stock
The Bachelor Girl's Guide ,52.3,Five,In stock
The Art Book,32.34,Two,In stock
The 7 Habits of ,33.17,Four,In stock
Team of Rivals: The ,20.12,Five,In stock
Steal Like an Artist: ,20.9,Two,In stock
"Sit, Stay, Love",20.9,Three,In stock
Sister Dear,40.2,Four,In stock
"Shrunken Treasures: Literary Classics, ",52.87,Three,In stock
"Rich Dad, Poor Dad",51.74,One,In stock
Raymie Nightingale,34.41,Two,In stock
Playing from the Heart,32.38,One,In stock
Nightstruck: A Novel,50.35,Four,In stock
Naturally Lean: 125 Nourishing ,11.38,Five,In stock
Meternity,43.58,Three,In stock
Memoirs of a Geisha,49.67,Three,In stock
Like Never Before (Walker ,28.77,Two,In stock
Life of Pi,13.22,Four,In stock
Leave This Song Behind: ,51.17,Five,In stock
King's Folly (The Kinsman ,39.61,Five,In stock
John Adams,57.43,Four,In stock
How to Cook Everything ,46.01,Four,In stock
How to Be a ,28.25,Two,In stock
Good in Bed (Cannie ,37.05,Five,In stock
"Fruits Basket, Vol 7 ",19.57,One,In stock
For the Love: Fighting ,45.13,Three,In stock
Finding God in the ,46.64,Two,In stock
Every Heart a Doorway ,12.16,Five,In stock
Delivering the Truth (Quaker ,20.89,Four,In stock
Counted With the Stars ,17.97,Five,In stock
"Chronicles, Vol 1",52.6,Two,In stock
Blue Like Jazz: Nonreligious ,25.77,One,In stock
Benjamin Franklin: An American ,48.19,Three,In stock
At The Existentialist Café: ,29.93,Five,In stock
A Summer In Europe,44.34,Two,In stock
A Short History of ,52.4,Five,In stock
A Gathering of Shadows ,44.81,Four,In stock
The Sound Of Love,57.84,Five,In stock
The Rise and Fall ,39.67,Two,In stock
The Perks of Being ,55.02,Three,In stock
The Mysterious Affair at ,24.8,Four,In stock
The Man Who Mistook ,59.45,Four,In stock
The Makings of a ,31.58,Two,In stock
The Joy of Cooking,43.27,Four,In stock
The Invention of Wings,37.34,One,In stock
The Hobbit (Middle-Earth Universe),17.8,Five,In stock
The Great Railway Bazaar,30.54,One,In stock
The Golden Compass (His ,18.77,One,In stock
The God Delusion,46.85,Three,In stock
The Girl You Left ,15.79,One,In stock
The Fellowship of the ,10.27,Two,In stock
The Collected Poems of ,15.42,Five,In stock
The Barefoot Contessa Cookbook,59.92,Five,In stock
Tell the Wolves I'm ,50.96,Two,In stock
Ship Leaves Harbor: Essays ,30.6,Three,In stock
Pride and Prejudice,19.27,Four,In stock
Musicophilia: Tales of Music ,46.58,One,In stock
Mere Christianity,48.51,Three,In stock
Me Before You (Me ,19.02,One,In stock
In the Woods (Dublin ,38.38,Two,In stock
In Cold Blood,49.98,Four,In stock
How to Stop Worrying ,46.49,Five,In stock
Give It Back,18.32,Two,In stock
"Girl, Interrupted",42.14,Three,In stock
Fun Home: A Family ,56.59,Four,In stock
"Fruits Basket, Vol 6 ",20.96,Four,In stock
Deception Point,40.32,Four,In stock
"Death Note, Vol 6: ",36.39,Three,In stock
Catherine the Great: Portrait ,58.55,Four,In stock
Better Homes and Gardens ,39.61,Three,In stock
An Unquiet Mind: A ,21.3,Three,In stock
A Year in Provence ,56.88,Four,In stock
World Without End (The ,32.97,Four,In stock
"Will Grayson, Will Grayson ",47.31,Four,In stock
Why Save the Bankers?: ,48.67,Two,In stock
Where She Went (If ,41.73,Four,In stock
What If?: Serious Scientific ,53.68,Four,In stock
Two Summers,14.64,One,In stock
This Is Your Brain ,38.4,One,In stock
The Secret Garden,15.08,Four,In stock
The Raven King (The ,30.57,Two,In stock
The Raven Boys (The ,57.74,Four,In stock
The Power Greens Cookbook: ,11.05,Five,In stock
The Metamorphosis,28.58,One,In stock
The Mathews Men: Seven ,42.91,Five,In stock
The Little Paris Bookshop,24.73,Three,In stock
The Hiding Place,55.91,Four,In stock
The Grand Design,13.76,Three,In stock
The Firm,45.56,Three,In stock
The Fault in Our ,47.22,One,In stock
The False Prince (The ,56.0,Five,In stock
The Expatriates,44.58,Two,In stock
The Dream Thieves (The ,34.5,One,In stock
The Darkest Corners,11.33,Five,In stock
The Crossover,38.77,Four,In stock
The 5th Wave (The ,11.83,Two,In stock
Tell the Wind and ,45.51,Three,In stock
Tell Me Three Things,41.81,One,In stock
Talking to Girls About ,25.15,Four,In stock
Siddhartha,34.22,Five,In stock
Shiver (The Wolves of ,16.23,Five,In stock
Remember Me?,11.48,Three,In stock
Red Dragon (Hannibal Lecter ,23.37,Three,In stock
Peak: Secrets from the ,16.28,Two,In stock
My Mother Was Nuts,31.63,Four,In stock
Mexican Today: New and ,24.91,Five,In stock
Maybe Something Beautiful: How ,22.54,One,In stock
Lola and the Boy ,23.63,Four,In stock
Logan Kade (Fallen Crest ,13.12,Two,In stock
Last One Home (New ,59.98,Three,In stock
Killing Floor (Jack Reacher ,31.49,Four,In stock
Kill the Boy Band,15.52,Five,In stock
Isla and the Happily ,48.13,Five,In stock
If I Stay (If ,38.13,Five,In stock
I Know Why the ,36.55,Two,In stock
Harry Potter and the ,23.32,One,In stock
"Fruits Basket, Vol 5 ",16.33,One,In stock
Foundation (Foundation (Publication Order) ,32.42,One,In stock
Fool Me Once,16.96,One,In stock
Find Her (Detective DD ,22.37,One,In stock
Evicted: Poverty and Profit ,42.27,One,In stock
Drama,38.7,Two,In stock
Dracula the Un-Dead,35.63,Five,In stock
Digital Fortress,58.0,Five,In stock
"Death Note, Vol 5: ",52.41,One,In stock
"Data, A Love Story: ",32.35,Three,In stock
Critique of Pure Reason,20.75,One,In stock
Booked,17.49,Five,In stock
"Blue Lily, Lily Blue ",34.13,Five,In stock
Approval Junkie: Adventures in ,58.81,Five,In stock
An Abundance of Katherines,10.0,Five,In stock
America's War for the ,51.22,Two,In stock
Alight (The Generations Trilogy ,58.59,Four,In stock
A Girl's Guide to ,31.3,One,In stock
A Game of Thrones ,46.42,Two,In stock
A Feast for Crows ,17.21,Four,In stock
A Clash of Kings ,10.79,Three,In stock
Vogue Colors A to ,52.35,Four,In stock
The Shining (The Shining ,27.88,Three,In stock
The Pilgrim's Progress,50.26,Two,In stock
The Perfect Play (Play ,59.99,Three,In stock
The Passion of Dolssa,28.32,Five,In stock
The Jazz of Physics: ,38.71,Three,In stock
The Hunger Games (The ,29.85,Five,In stock
The Hound of the ,14.82,Two,In stock
The Gunning of America: ,16.81,Four,In stock
The Geography of Bliss: ,28.23,Two,In stock
The Demonists (Demonist #1),52.11,Two,In stock
The Demon Prince of ,27.88,Two,In stock
The Bone Hunters (Lexy ,59.71,Three,In stock
The Beast (Black Dagger ,46.08,Five,In stock
Some Women,13.73,Five,In stock
Shopaholic Ties the Knot ,48.39,Five,In stock
Paper and Fire (The ,49.45,Five,In stock
Outlander (Outlander #1),19.67,Five,In stock
Orchestra of Exiles: The ,12.36,Three,In stock
No One Here Gets ,20.02,Five,In stock
Night Shift (Night Shift ,12.75,Four,In stock
Needful Things,47.51,Four,In stock
Mockingjay (The Hunger Games ,20.44,Four,In stock
Misery,34.79,Two,In stock
Little Women (Little Women ,28.07,Four,In stock
It,25.01,Three,In stock
Harry Potter and the ,13.9,Three,In stock
Harry Potter and the ,24.17,Four,In stock
Harry Potter and the ,31.63,Four,In stock
Harry Potter and the ,48.75,Five,In stock
Harry Potter and the ,14.74,One,In stock
Gone with the Wind,32.49,Three,In stock
God Is Not Great: ,27.8,One,In stock
Girl With a Pearl ,26.77,One,In stock
"Fruits Basket, Vol 4 ",50.44,Four,In stock
Far From True (Promise ,34.93,Two,In stock
Dark Lover (Black Dagger ,12.87,One,In stock
Confessions of a Shopaholic ,48.94,Two,In stock
Changing the Game (Play ,13.38,Three,In stock
Candide,58.63,Three,In stock
Can You Keep a ,21.94,One,In stock
Atlas Shrugged,26.58,Five,In stock
Animal Farm,57.22,Three,In stock
A Walk to Remember,56.43,One,In stock
A New Earth: Awakening ,55.65,Five,In stock
A History of God: ,27.62,One,In stock
'Salem's Lot,49.56,Four,In stock
Zero History (Blue Ant ,34.77,One,In stock
Wuthering Heights,17.73,Three,In stock
World War Z: An ,21.8,One,In stock
Wild: From Lost to ,46.02,Three,In stock
"Where'd You Go, Bernadette",18.13,One,In stock
When You Are Engulfed ,30.89,Five,In stock
We the People: The ,31.95,Three,In stock
We Are All Completely ,24.04,One,In stock
Walk the Edge (Thunder ,32.36,Three,In stock
Voyager (Outlander #3),21.07,Five,In stock
Very Good Lives: The ,50.66,Three,In stock
Vegan Vegetarian Omnivore: Dinner ,13.66,Two,In stock
"Unstuffed: Decluttering Your Home, ",58.09,One,In stock
Under the Banner of ,30.0,One,In stock
Two Boys Kissing,32.74,Two,In stock
Twilight (Twilight #1),41.93,Two,In stock
Twenties Girl,42.8,Two,In stock
Trespassing Across America: One ,53.51,One,In stock
Three-Martini Lunch,23.21,Three,In stock
"Thinking, Fast and Slow",21.14,One,In stock
The Wild Robot,56.07,Three,In stock
The Wicked + The ,14.41,Three,In stock
The Undomestic Goddess,45.75,Four,In stock
The Travelers,15.77,One,In stock
The Tipping Point: How ,10.02,Two,In stock
The Thing About Jellyfish,48.77,One,In stock
The Stand,57.86,Two,In stock
The Smitten Kitchen Cookbook,23.59,One,In stock
The Silkworm (Cormoran Strike ,23.05,Five,In stock
"The Sandman, Vol 3: ",55.55,Five,In stock
The Rose & the ,58.64,Four,In stock
The Road to Little ,23.21,One,In stock
The Rise of Theodore ,42.57,Three,In stock
The Restaurant at the ,10.92,One,In stock
The Rest Is Noise: ,34.77,One,In stock
The Red Tent,35.66,Five,In stock
The Purpose Driven Life: ,37.19,Three,In stock
The Purest Hook (Second ,12.25,One,In stock
The Picture of Dorian ,29.7,Two,In stock
The Paris Wife,36.8,Three,In stock
The Obsession,45.43,One,In stock
The Nightingale,26.26,Four,In stock
The New Guy (and ,44.92,Three,In stock
The Nanny Diaries (Nanny ,52.53,Five,In stock
The Name of God ,37.25,Two,In stock
The Maze Runner (The ,20.93,One,In stock
The Lover's Dictionary,58.09,Two,In stock
The Lonely Ones,43.59,Five,In stock
The Lean Startup: How ,33.92,Three,In stock
The Last Painting of ,55.55,Two,In stock
"The Land of 10,000 ",29.64,Four,In stock
The Infinities,27.41,One,In stock
The Husband's Secret,52.51,Five,In stock
The Hitchhiker's Guide to ,47.8,Three,In stock
The Guns of August,14.54,Two,In stock
The Guernsey Literary and ,49.53,One,In stock
The Goldfinch,43.58,Three,In stock
The Giver (The Giver ,12.3,One,In stock
The Girl with All ,49.47,Three,In stock
The Girl Who Played ,22.14,Two,In stock
The Girl Who Kicked ,57.48,One,In stock
The Exiled,43.45,Three,In stock
The End of Faith: ,22.13,Four,In stock
"The Elegant Universe: Superstrings, ",13.03,Four,In stock
The Disappearing Spoon: And ,57.35,Five,In stock
The Devil Wears Prada ,44.29,One,In stock
The Demon-Haunted World: Science ,52.25,Four,In stock
The Day the Crayons ,26.33,Five,In stock
The Da Vinci Code ,22.96,Two,In stock
The Cuckoo's Calling (Cormoran ,19.21,One,In stock
The Complete Stories and ,26.78,Four,In stock
The Complete Poems,41.32,Five,In stock
The Catcher in the ,24.55,One,In stock
The Cat in the ,16.26,Two,In stock
The Case for Christ ,47.84,One,In stock
The Book Thief,53.49,Two,In stock
The Book of Basketball: ,44.84,Five,In stock
The Blind Side: Evolution ,53.71,Five,In stock
The Autobiography of Malcolm ,23.43,Two,In stock
The Art of Simple ,34.32,Three,In stock
The Art of Fielding,22.1,One,In stock
"Surely You're Joking, Mr ",25.83,Two,In stock
Stiff: The Curious Lives ,36.74,Three,In stock
Spilled Milk: Based on ,49.51,One,In stock
Something Borrowed (Darcy & ,48.96,Five,In stock
Something Blue (Darcy & ,54.62,One,In stock
Soldier (Talon #3),24.72,Two,In stock
Shopaholic & Baby (Shopaholic ,46.45,Two,In stock
Seven Days in the ,52.33,Two,In stock
Seven Brief Lessons on ,30.6,Four,In stock
Scarlet (The Lunar Chronicles ,14.57,Four,In stock
Sarah's Key,46.29,One,In stock
"Saga, Volume 3 (Saga ",21.57,Five,In stock
Running with Scissors,12.91,Four,In stock
Rogue Lawyer (Rogue Lawyer ,50.11,Three,In stock
Rise of the Rocket ,41.67,Four,In stock
Rework,44.88,Two,In stock
Reservations for Two,11.1,Three,In stock
Red: The True Story ,28.54,Three,In stock
Ready Player One,19.07,Four,In stock
Quiet: The Power of ,43.55,One,In stock
Prodigy: The Graphic Novel ,43.63,Three,In stock
Persepolis: The Story of ,39.13,One,In stock
Packing for Mars: The ,56.68,Two,In stock
Outliers: The Story of ,14.16,One,In stock
Original Fake,31.45,Three,In stock
Orange Is the New ,24.61,Two,In stock
One for the Money ,32.87,Two,In stock
Notes from a Small ,40.17,One,In stock
Night (The Night Trilogy ,13.51,One,In stock
Neither Here nor There: ,38.95,Three,In stock
Naked,31.69,Three,In stock
Morning Star (Red Rising ,29.4,One,In stock
Miracles from Heaven: A ,57.83,One,In stock
Midnight Riot (Peter Grant/ ,55.46,Two,In stock
Me Talk Pretty One ,57.6,Two,In stock
Manuscript Found in Accra,34.98,Two,In stock
Lust & Wonder,11.87,Two,In stock
Lila (Gilead #3),12.47,Three,In stock
"Life, the Universe and ",33.26,Two,In stock
Life Without a Recipe,59.04,Five,In stock
Life After Life,26.13,Two,In stock
Letter to a Christian ,22.2,One,In stock
Let's Pretend This Never ,45.11,One,In stock
Legend (Legend #1),43.69,Four,In stock
"Lean In: Women, Work, ",25.02,One,In stock
Lamb: The Gospel According ,55.5,Five,In stock
Lady Renegades (Rebel Belle ,53.04,Five,In stock
Jurassic Park (Jurassic Park ,44.97,One,In stock
It's Never Too Late ,42.38,One,In stock
Is Everyone Hanging Out ,20.11,Three,In stock
Into the Wild,56.7,Five,In stock
Inferno (Robert Langdon #4),41.0,Five,In stock
In the Garden of ,28.85,Three,In stock
If I Run (If ,49.97,Four,In stock
I've Got Your Number,19.69,One,In stock
I Am Malala: The ,28.88,Two,In stock
Hungry Girl Clean & ,33.14,Three,In stock
House of Lost Worlds: ,43.7,Two,In stock
House of Leaves,54.89,One,In stock
Horrible Bear!,37.52,Two,In stock
Holidays on Ice,51.07,Two,In stock
Heir to the Sky,44.07,Four,In stock
Green Eggs and Ham ,10.79,Four,In stock
"Grayson, Vol 3: Nemesis ",42.72,One,In stock
Gratitude,26.66,Five,In stock
Gone Girl,37.6,Five,In stock
Golden (Heart of Dread ,42.21,Four,In stock
Girl in the Blue ,46.83,Two,In stock
"Fruits Basket, Vol 3 ",45.17,Two,In stock
Friday Night Lights: A ,51.22,Three,In stock
Fire Bound (Sea Haven/Sisters ,21.28,Four,In stock
Fifty Shades Freed (Fifty ,15.36,Five,In stock
Fellside,38.62,One,In stock
Extreme Prey (Lucas Davenport ,25.4,Three,In stock
Eragon (The Inheritance Cycle ,43.87,Three,In stock
Eclipse (Twilight #3),18.74,One,In stock
Dune (Dune #1),54.86,One,In stock
Dracula,52.62,Three,In stock
Do Androids Dream of ,51.48,One,In stock
Disrupted: My Misadventure in ,15.28,Five,In stock
Dead Wake: The Last ,39.24,Five,In stock
"David and Goliath: Underdogs, ",17.81,One,In stock
Darkfever (Fever #1),56.02,One,In stock
Dark Places,23.9,Five,In stock
Crazy Rich Asians (Crazy ,49.13,Five,In stock
Counting Thyme,10.62,One,In stock
Cosmos,36.17,Two,In stock
Civilization and Its Discontents,59.95,Two,In stock
Cinder (The Lunar Chronicles ,26.09,One,In stock
Catastrophic Happiness: Finding Joy ,37.35,Two,In stock
Career of Evil (Cormoran ,24.72,Two,In stock
Breaking Dawn (Twilight #4),35.28,Five,In stock
Brave Enough,51.32,Five,In stock
Boy Meets Boy,21.12,Three,In stock
Born to Run: A ,27.35,Two,In stock
Blink: The Power of ,21.74,Five,In stock
Black Flags: The Rise ,40.87,One,In stock
"Black Butler, Vol 1 ",49.31,One,In stock
Big Little Lies,22.11,One,In stock
Between Shades of Gray,20.79,Five,In stock
Best of My Love ,27.41,Two,In stock
Beowulf,38.35,Two,In stock
Beautiful Creatures (Caster Chronicles ,21.55,Five,In stock
Awkward,38.02,Two,In stock
Ash,22.06,Four,In stock
Are We There Yet?,10.66,Three,In stock
Are We Smart Enough ,56.58,One,In stock
Annie on My Mind,36.83,Five,In stock
And Then There Were ,35.01,Two,In stock
A Walk in the ,30.48,Four,In stock
A Visit from the ,14.08,Five,In stock
A Storm of Swords ,31.22,Two,In stock
A Heartbreaking Work of ,54.29,Five,In stock
8 Keys to Mental ,31.04,One,In stock
#GIRLBOSS,50.96,One,In stock
The Suffragettes (Little Black ,11.89,Two,In stock
The Sense of an ,31.38,Three,In stock
"The Sandman, Vol 2: ",54.81,One,In stock
The Course of Love,16.78,Three,In stock
Sugar Rush (Offensive Line ,24.42,One,In stock
"Saga, Volume 2 (Saga ",11.75,Three,In stock
"Run, Spot, Run: The ",20.02,One,In stock
New Moon (Twilight #2),12.86,Four,In stock
Life,31.58,Five,In stock
Kindle Paperwhite User's Guide,34.0,Three,In stock
H is for Hawk,57.42,Five,In stock
Girl Online On Tour ,53.47,One,In stock
"Fruits Basket, Vol 2 ",11.64,Five,In stock
Diary of a Minecraft ,52.88,Four,In stock
"Y: The Last Man, ",18.51,Four,In stock
While You Were Mine,41.32,Five,In stock
Where Lightning Strikes (Bleeding ,39.77,Three,In stock
When I'm Gone,51.96,Three,In stock
Ways of Seeing,39.51,Five,In stock
"Vampire Knight, Vol 1 ",15.4,One,In stock
Vampire Girl (Vampire Girl ,53.82,Two,In stock
Twenty Love Poems and ,30.95,Four,In stock
Travels with Charley: In ,57.82,Five,In stock
Three Wishes (River of ,44.18,Two,In stock
This One Moment (Pushing ,48.71,One,In stock
The Zombie Room,19.69,Five,In stock
The Wicked + The ,36.52,Two,In stock
The Tumor,41.56,Five,In stock
The Story of Hong ,43.19,Four,In stock
The Silent Wife,12.34,Five,In stock
The Silent Twin (Detective ,36.25,Three,In stock
The Selfish Gene,29.45,One,In stock
The Secret Healer,34.56,Three,In stock
"The Sandman, Vol 1: ",54.12,Three,In stock
The Republic,33.78,Three,In stock
The Odyssey,29.64,Three,In stock
The No 1 Ladies' ,57.7,Four,In stock
The Nicomachean Ethics,36.34,One,In stock
The Name of the ,50.59,Three,In stock
The Mirror & the ,29.38,One,In stock
The Little Prince,45.42,Two,In stock
The Light of the ,54.43,One,In stock
The Last Girl (The ,36.26,Two,In stock
The Iliad,16.16,One,In stock
The Hook Up (Game ,36.29,Five,In stock
The Haters,27.89,Five,In stock
The Girl You Lost,12.29,Five,In stock
The Girl In The ,15.85,Three,In stock
The End of the ,14.4,One,In stock
The Edge of Reason ,19.18,Four,In stock
The Complete Maus (Maus ,10.64,Three,In stock
The Communist Manifesto,14.76,Three,In stock
The Bhagavad Gita,57.49,Three,In stock
The Bette Davis Club,30.66,Three,In stock
The Art of Not ,40.83,Four,In stock
Taking Shots (Assassins #1),18.88,Two,In stock
Starlark,25.83,Three,In stock
"Skip Beat!, Vol 01 ",42.12,Three,In stock
Sister Sable (The Mad ,13.33,Three,In stock
Shatter Me (Shatter Me ,42.4,One,In stock
Shameless,58.35,Three,In stock
Shadow Rites (Jane Yellowrock ,21.72,Four,In stock
Settling the Score (The ,44.91,Two,In stock
Sense and Sensibility,37.46,One,In stock
"Saga, Volume 1 (Saga ",28.48,One,In stock
"Rhythm, Chord & Malykhin",28.34,Two,In stock
"Rat Queens, Vol 1: ",46.96,Five,In stock
Paradise Lost (Paradise #1),24.96,One,In stock
"Paper Girls, Vol 1 ",21.71,Four,In stock
Ouran High School Host ,29.87,Three,In stock
Origins (Alphas 05),28.99,One,In stock
One Second (Seven #7),52.94,Two,In stock
On the Road (Duluoz ,32.36,Three,In stock
Old Records Never Die: ,55.66,Two,In stock
Off Sides (Off #1),39.45,Five,In stock
Of Mice and Men,47.11,Two,In stock
Myriad (Prentor #1),58.75,Four,In stock
My Perfect Mistake (Over ,38.92,Two,In stock
"Ms Marvel, Vol 1: ",39.39,Four,In stock
Meditations,25.89,Two,In stock
Matilda,28.34,One,In stock
Lost Among the Living,27.7,Four,In stock
Lord of the Flies,24.89,Three,In stock
Listen to Me (Fusion ,58.99,Three,In stock
Kitchens of the Great ,57.2,Five,In stock
Jane Eyre,38.43,Five,In stock
Imperfect Harmony,34.74,Four,In stock
Icing (Aces Hockey #2),40.44,Four,In stock
"Hawkeye, Vol 1: My ",45.24,Three,In stock
Having the Barbarian's Baby ,34.96,Four,In stock
"Giant Days, Vol 1 ",56.76,Four,In stock
"Fruits Basket, Vol 1 ",40.28,Five,In stock
Frankenstein,38.0,Two,In stock
Forever Rockers (The Rocker ,28.8,Three,In stock
Fighting Fate (Fighting #6),39.24,Three,In stock
Emma,32.93,Two,In stock
"Eat, Pray, Love",51.32,Three,In stock
Deep Under (Walker Security ,47.09,Five,In stock
Choosing Our Religion: The ,28.42,Four,In stock
Charlie and the Chocolate ,22.85,Three,In stock
Charity's Cross (Charles Towne ,41.24,One,In stock
Bright Lines,39.07,Five,In stock
Bridget Jones's Diary (Bridget ,29.82,One,In stock
Bounty (Colorado Mountain #7),37.26,Four,In stock
Blood Defense (Samantha Brinkman ,20.3,Three,In stock
"Bleach, Vol 1: Strawberry ",34.65,Five,In stock
Beyond Good and Evil,43.38,One,In stock
Alice in Wonderland (Alice's ,55.53,One,In stock
"Ajin: Demi-Human, Volume 1 ",57.06,Four,In stock
A Spy's Devotion (The ,16.97,Five,In stock
1st to Die (Women's ,53.98,One,In stock
"1,000 Places to See ",26.08,Five,In stock
